--
-- PostgreSQL database dump
--

-- Dumped from database version 17.0
-- Dumped by pg_dump version 17.0

SET statement_timeout = 0;
SET lock_timeout = 0;
SET idle_in_transaction_session_timeout = 0;
SET transaction_timeout = 0;
SET client_encoding = 'UTF8';
SET standard_conforming_strings = on;
SELECT pg_catalog.set_config('search_path', '', false);
SET check_function_bodies = false;
SET xmloption = content;
SET client_min_messages = warning;
SET row_security = off;

--
-- Data for Name: agencies; Type: TABLE DATA; Schema: public; Owner: -
--

INSERT INTO public.agencies VALUES ('6c5e4698-dbe2-473a-a4ae-44bf762b44a6', 'Yaounde Car Rental', 'Agence leader à Yaoundé', 'Bastos, Yaoundé', '+237 690 00 00 01', 'contact@yaoundecar.cm', NULL, true, '2025-11-19 19:09:15.434+00', '2025-11-19 19:09:15.434+00');
INSERT INTO public.agencies VALUES ('1ba59864-0028-47c0-b7cc-0c663034d497', 'Express Location', 'Location rapide et efficace', 'Mvan, Yaoundé', '+237 690 00 00 02', 'info@expressloc.cm', NULL, true, '2025-11-19 19:09:15.434+00', '2025-11-19 19:09:15.434+00');
INSERT INTO public.agencies VALUES ('cdfee36e-0840-4a07-9343-2b1415ad0baf', 'agences manguier', 'une agences confortables ', 'BP120', '+237 620 222 444', 'agencesmanguier@gmail.com', NULL, true, '2025-11-21 03:19:13.32+00', '2025-11-21 03:19:13.32+00');
INSERT INTO public.agencies VALUES ('eb505273-b543-42e4-86f8-3d3fcf520602', 'Test Auto Cameroun', ' Agence de test pour la validation du système de réservation de véhicules.', 'Rue de la Joie, Quartier Akwa', '+237 600 00 00 00', 'test-agence@afriride.cm', NULL, true, '2026-01-14 08:51:06.489+00', '2026-01-14 08:51:06.489+00');
INSERT INTO public.agencies VALUES ('c3408fa6-1109-4a1b-9dd8-9cf1e01418ad', 'cherif location', 'meilleur agence', 'Rue de la Joie, Quartier Akwa', '+237600000000', 'ibrahime@gmail.com', NULL, true, '2026-03-04 12:45:21.361+00', '2026-03-04 12:45:21.361+00');
INSERT INTO public.agencies VALUES ('86cc9ad0-1a01-4879-9257-b80865c0a9ed', 'jayson auto', 'MEILLEUR AGENCE', 'Rue de la Joie, Quartier Akwa', '+2376345456563', 'jayson@gmail.com', NULL, true, '2026-03-06 12:24:55.089+00', '2026-03-06 12:24:55.089+00');


--
-- Data for Name: categories; Type: TABLE DATA; Schema: public; Owner: -
--

INSERT INTO public.categories VALUES ('64de6445-3b59-47ba-843a-472ae0654cb2', 'Économique', 'Véhicules abordables pour budget limité', '2025-11-19 19:09:14.979+00', '2025-11-19 19:09:14.979+00');
INSERT INTO public.categories VALUES ('7f719a79-28be-4c87-aaca-1bf076e40b3e', 'Berline', 'Voitures confortables 4-5 places', '2025-11-19 19:09:14.979+00', '2025-11-19 19:09:14.979+00');
INSERT INTO public.categories VALUES ('813d195c-6bea-4f82-ab23-de2880bb42f1', 'SUV', 'Véhicules spacieux et robustes', '2025-11-19 19:09:14.979+00', '2025-11-19 19:09:14.979+00');
INSERT INTO public.categories VALUES ('1bc63d61-c37c-4dc9-a3fa-987be3e17476', 'Luxe', 'Voitures haut de gamme', '2025-11-19 19:09:14.979+00', '2025-11-19 19:09:14.979+00');


--
-- Data for Name: users; Type: TABLE DATA; Schema: public; Owner: -
--

INSERT INTO public.users (id, first_name, last_name, email, phone, password, role, is_verified, agency_id, created_at, updated_at, verification_status, id_card_front, id_card_back, driving_license, rejection_reason, reset_password_token, reset_password_expire, email_confirmation_token, profile_picture, cookie_consent_data, cookie_consent_updated_at) VALUES ('13761d73-b674-4bf3-9586-5688ad5e36dc', 'Admin', 'AfriRide', 'admin@afriride.cm', '+237 690 00 00 99', '$2b$10$qRiNqZSV08Jv0lxxNoKUWOE/fTtZoyzUAScq9yA31T0TWlkEqzOwi', 'admin', true, NULL, '2025-11-21 02:58:35.813+00', '2025-11-21 02:58:35.813+00', 'unverified', NULL, NULL, NULL, NULL, NULL, NULL, NULL, NULL, NULL, NULL);
INSERT INTO public.users (id, first_name, last_name, email, phone, password, role, is_verified, agency_id, created_at, updated_at, verification_status, id_card_front, id_card_back, driving_license, rejection_reason, reset_password_token, reset_password_expire, email_confirmation_token, profile_picture, cookie_consent_data, cookie_consent_updated_at) VALUES ('4163b0cd-fe07-43f6-b65a-d21bb306e70a', 'ahmed azhar', 'nsangou', 'agencesmanguier@gmail.com', '+237 682 683 684', '$2b$10$/kbkmejqPnmFnU9EG/iqr.IQqgTg4IZAMI768SvDwD7BvIsblGFoK', 'manager', true, 'cdfee36e-0840-4a07-9343-2b1415ad0baf', '2025-11-21 09:39:47.206+00', '2025-11-21 09:39:47.206+00', 'unverified', NULL, NULL, NULL, NULL, NULL, NULL, NULL, NULL, NULL, NULL);
INSERT INTO public.users (id, first_name, last_name, email, phone, password, role, is_verified, agency_id, created_at, updated_at, verification_status, id_card_front, id_card_back, driving_license, rejection_reason, reset_password_token, reset_password_expire, email_confirmation_token, profile_picture, cookie_consent_data, cookie_consent_updated_at) VALUES ('ceca4ac4-96f2-4541-8c70-943ff6b956dd', 'ibrahim cherif', 'nsangou', 'ibrahimcherifnsangou404@gmail.com', '+237 682682684', '$2b$10$iYl0K05AuqMBhfLQm/7PKOetE0ov9AZtM4QvjUrvnVlcJOmkWKowa', 'client', false, NULL, '2025-11-19 15:16:41.035+00', '2026-02-05 06:35:50.304+00', 'unverified', NULL, NULL, NULL, NULL, NULL, NULL, NULL, NULL, NULL, NULL);
INSERT INTO public.users (id, first_name, last_name, email, phone, password, role, is_verified, agency_id, created_at, updated_at, verification_status, id_card_front, id_card_back, driving_license, rejection_reason, reset_password_token, reset_password_expire, email_confirmation_token, profile_picture, cookie_consent_data, cookie_consent_updated_at) VALUES ('80f6048b-4389-4b9c-be2e-9c95a29277d3', 'ibrahim ', 'cherif', 'ibrahime@gmail.com', '+237600000000', '$2b$10$UgQSLZpaJMaEjtNrwjBqVeYPZsDCOAfCyVdYYLYmhP/sFAhLjA4Pu', 'manager', true, 'c3408fa6-1109-4a1b-9dd8-9cf1e01418ad', '2026-03-04 12:45:21.371+00', '2026-03-04 12:45:21.371+00', 'verified', NULL, NULL, NULL, NULL, NULL, NULL, NULL, NULL, NULL, NULL);
INSERT INTO public.users (id, first_name, last_name, email, phone, password, role, is_verified, agency_id, created_at, updated_at, verification_status, id_card_front, id_card_back, driving_license, rejection_reason, reset_password_token, reset_password_expire, email_confirmation_token, profile_picture, cookie_consent_data, cookie_consent_updated_at) VALUES ('5e5fde1b-69cf-47c7-b702-4c35ba1ac6e8', 'JAYSON', 'AZERTY', 'jayson@gmail.com', '+237600000000', '$2b$10$g37SHnSf6FZ2PJQWFfROKuXZvQyDIsURRKvjm7RspLAHb9vOtUFFu', 'manager', true, '86cc9ad0-1a01-4879-9257-b80865c0a9ed', '2026-03-06 12:24:57.355+00', '2026-03-06 12:24:57.355+00', 'verified', NULL, NULL, NULL, NULL, NULL, NULL, NULL, NULL, NULL, NULL);
INSERT INTO public.users (id, first_name, last_name, email, phone, password, role, is_verified, agency_id, created_at, updated_at, verification_status, id_card_front, id_card_back, driving_license, rejection_reason, reset_password_token, reset_password_expire, email_confirmation_token, profile_picture, cookie_consent_data, cookie_consent_updated_at) VALUES ('0730e78d-cffb-4533-a364-1b56dc4fff5b', 'djomo', 'freddy', 'djomo@gmail.com', '+237 682 683 684', '$2b$10$Iput9CNqe/0tV0MeXxZbrOsiidVA1Wb.U8YsDYNxlGqp6ouq6CEPK', 'client', true, NULL, '2026-03-02 10:19:10.841+00', '2026-03-08 15:03:27.452+00', 'verified', '/uploads/documents/doc-1772982141032-191109476.png', '/uploads/documents/doc-1772982141033-844597118.png', '/uploads/documents/doc-1772982141034-810333151.pdf', NULL, NULL, NULL, 'cefd9bafca235bd9847a0273a09138812b7d3c810df38e42836019127749df3e', NULL, NULL, NULL);
INSERT INTO public.users (id, first_name, last_name, email, phone, password, role, is_verified, agency_id, created_at, updated_at, verification_status, id_card_front, id_card_back, driving_license, rejection_reason, reset_password_token, reset_password_expire, email_confirmation_token, profile_picture, cookie_consent_data, cookie_consent_updated_at) VALUES ('22d33768-39a5-4c97-b4af-6774b1f4a1aa', 'Manager', 'Yaounde Car', 'manager@yaoundecar.cm', '+237 690 00 00 10', '$2b$10$sJ6VrgP/ZfR0jCGNSZwC..tbsDktJ21vFkX1pykajQYHCPcTJHUBO', 'manager', true, '6c5e4698-dbe2-473a-a4ae-44bf762b44a6', '2025-11-19 20:21:50.114+00', '2026-03-08 16:26:06.635+00', 'unverified', NULL, NULL, NULL, NULL, NULL, NULL, NULL, NULL, '{"version":"2026-03-08","decidedAt":"2026-03-08T16:26:06.620Z","preferences":{"essential":true,"preferences":true,"analytics":true,"marketing":true}}', '2026-03-08 16:26:06.634+00');


--
-- Data for Name: vehicles; Type: TABLE DATA; Schema: public; Owner: -
--

INSERT INTO public.vehicles VALUES ('9068e572-b064-40f2-8536-1ebe16beb2e9', 'Toyota', 'RAV4', 2023, 'YAO-003-CC', 'Noir', 7, 'automatic', 'diesel', 45000.00, '{https://images.unsplash.com/photo-1519641471654-76ce0107ad1b?w=800}', '{Climatisation,GPS,4x4,Bluetooth}', true, '1ba59864-0028-47c0-b7cc-0c663034d497', '813d195c-6bea-4f82-ab23-de2880bb42f1', '2025-11-19 19:09:15.475+00', '2025-11-19 19:09:15.475+00');
INSERT INTO public.vehicles VALUES ('0dc1e52f-c307-4efc-9474-7fb029cadddc', 'Mercedes', 'Classe E', 2024, 'YAO-004-DD', 'Gris', 5, 'automatic', 'diesel', 75000.00, '{https://images.unsplash.com/photo-1618843479313-40f8afb4b4d8?w=800}', '{Climatisation,GPS,"Sièges cuir",Bluetooth,Caméra}', true, '1ba59864-0028-47c0-b7cc-0c663034d497', '1bc63d61-c37c-4dc9-a3fa-987be3e17476', '2025-11-19 19:09:15.475+00', '2025-11-19 19:09:15.475+00');
INSERT INTO public.vehicles VALUES ('f1a67385-3219-44f8-b390-7fdeb895cd9a', 'bughati', 'chiron', 2025, 'YAO-123-aT', 'blanc', 2, 'automatic', 'petrol', 60000.00, '{/uploads/vehicles/doc-1772456329558-373867125.png,/uploads/vehicles/doc-1772456329569-934750563.png,/uploads/vehicles/doc-1772456329579-145328711.png,/uploads/vehicles/doc-1772456329585-360459874.png,/uploads/vehicles/doc-1772456329591-475948930.png}', '{GPS}', true, '6c5e4698-dbe2-473a-a4ae-44bf762b44a6', '1bc63d61-c37c-4dc9-a3fa-987be3e17476', '2025-11-20 19:28:50.14+00', '2026-03-02 12:58:49.638+00');
INSERT INTO public.vehicles VALUES ('e604224c-b810-40dd-b305-d3085dba89e3', 'Hyundai', 'i10', 2023, 'YAO-002-BB', 'Rouge', 4, 'manual', 'petrol', 15000.00, '{/uploads/vehicles/doc-1772458018762-893222858.png,/uploads/vehicles/doc-1772458018771-336232043.png,/uploads/vehicles/doc-1772458018779-555612711.png,/uploads/vehicles/doc-1772458018785-279011920.png,/uploads/vehicles/doc-1772458018792-617666643.png}', '{Climatisation,Radio}', true, '6c5e4698-dbe2-473a-a4ae-44bf762b44a6', '64de6445-3b59-47ba-843a-472ae0654cb2', '2025-11-19 19:09:15.475+00', '2026-03-02 13:26:58.903+00');
INSERT INTO public.vehicles VALUES ('3301d42e-b21b-4f81-9657-7b55e4785f21', 'Toyota', 'Corolla', 2022, 'YAO-001-AA', 'Blanc', 5, 'automatic', 'petrol', 25000.00, '{/uploads/vehicles/doc-1772457579452-865433093.png,/uploads/vehicles/doc-1772457579459-205416628.png,/uploads/vehicles/doc-1772457579466-462756708.png,/uploads/vehicles/doc-1772457579475-946527087.png,/uploads/vehicles/doc-1772457579482-496136186.png}', '{Climatisation,GPS,Bluetooth}', true, '6c5e4698-dbe2-473a-a4ae-44bf762b44a6', '7f719a79-28be-4c87-aaca-1bf076e40b3e', '2025-11-19 19:09:15.475+00', '2026-03-02 13:29:11.795+00');
INSERT INTO public.vehicles VALUES ('03b1b31f-5a07-4985-bfaa-e1984f5a21db', 'Hyundai', 'i10', 2023, 'YAO-123-aQ', 'rouge', 4, 'manual', 'petrol', 20000.00, '{/uploads/vehicles/doc-1772628870963-897770000.png,/uploads/vehicles/doc-1772628870970-970448291.png,/uploads/vehicles/doc-1772628870979-499548123.png,/uploads/vehicles/doc-1772628871066-871935170.png,/uploads/vehicles/doc-1772628871073-695214280.png}', '{}', true, 'c3408fa6-1109-4a1b-9dd8-9cf1e01418ad', '64de6445-3b59-47ba-843a-472ae0654cb2', '2026-03-04 12:54:31.114+00', '2026-03-04 12:57:16.846+00');


--
-- Data for Name: Favorites; Type: TABLE DATA; Schema: public; Owner: -
--

INSERT INTO public."Favorites" VALUES ('c7b7afbc-f4b0-463b-ad6c-ed5447c08fa3', 'ceca4ac4-96f2-4541-8c70-943ff6b956dd', '0dc1e52f-c307-4efc-9474-7fb029cadddc', '2026-02-05 06:57:44.971+00', '2026-02-05 06:57:44.971+00');
INSERT INTO public."Favorites" VALUES ('89c4c896-ee6e-4ec5-a4e1-414101641148', '0730e78d-cffb-4533-a364-1b56dc4fff5b', 'f1a67385-3219-44f8-b390-7fdeb895cd9a', '2026-03-06 12:07:56.882+00', '2026-03-06 12:07:56.882+00');


--
-- Data for Name: promo_codes; Type: TABLE DATA; Schema: public; Owner: -
--

INSERT INTO public.promo_codes VALUES ('8d5fe706-394a-4015-b0bb-a00c4163b606', 'NOEL25', 'percentage', 5.00, NULL, 0, NULL, true, 70000.00, '2025-11-27 03:49:36.839+00', '2026-01-13 08:51:15.881+00');


--
-- Data for Name: bookings; Type: TABLE DATA; Schema: public; Owner: -
--

INSERT INTO public.bookings (id, start_date, end_date, total_days, price_per_day, total_price, status, payment_status, payment_method, notes, user_id, vehicle_id, created_at, updated_at, promo_code_id, discount_amount, final_price, contract_accepted, contract_accepted_date) VALUES ('0ce6587b-7bc2-47b5-acd2-906f5e3dc92b', '2026-01-14', '2026-01-15', 1, 60000.00, 60000.00, 'cancelled', 'paid', 'card', '', 'ceca4ac4-96f2-4541-8c70-943ff6b956dd', 'f1a67385-3219-44f8-b390-7fdeb895cd9a', '2026-01-14 09:25:20.91+00', '2026-01-16 08:36:26.489+00', NULL, 0.00, NULL, true, '2026-01-14 09:25:37.507+00');
INSERT INTO public.bookings (id, start_date, end_date, total_days, price_per_day, total_price, status, payment_status, payment_method, notes, user_id, vehicle_id, created_at, updated_at, promo_code_id, discount_amount, final_price, contract_accepted, contract_accepted_date) VALUES ('e4c066c7-51a8-4919-b536-8befd310eb2d', '2025-11-19', '2025-11-21', 2, 25000.00, 50000.00, 'completed', 'pending', NULL, '', 'ceca4ac4-96f2-4541-8c70-943ff6b956dd', '3301d42e-b21b-4f81-9657-7b55e4785f21', '2025-11-19 20:19:25.581+00', '2025-11-20 03:57:03.826+00', NULL, 0.00, NULL, false, NULL);
INSERT INTO public.bookings (id, start_date, end_date, total_days, price_per_day, total_price, status, payment_status, payment_method, notes, user_id, vehicle_id, created_at, updated_at, promo_code_id, discount_amount, final_price, contract_accepted, contract_accepted_date) VALUES ('0a9d87c7-0c62-43a2-9a4b-df3a10617c0b', '2025-11-27', '2025-11-29', 2, 25000.00, 50000.00, 'completed', 'pending', NULL, '', 'ceca4ac4-96f2-4541-8c70-943ff6b956dd', '3301d42e-b21b-4f81-9657-7b55e4785f21', '2025-11-21 06:19:59.899+00', '2025-11-21 10:06:33.913+00', NULL, 0.00, NULL, false, NULL);
INSERT INTO public.bookings (id, start_date, end_date, total_days, price_per_day, total_price, status, payment_status, payment_method, notes, user_id, vehicle_id, created_at, updated_at, promo_code_id, discount_amount, final_price, contract_accepted, contract_accepted_date) VALUES ('69a98b6e-8bd0-4f2a-bff5-37f4c0093721', '2025-11-29', '2025-11-30', 1, 60000.00, 60000.00, 'pending', 'paid', 'momo_mtn', '', 'ceca4ac4-96f2-4541-8c70-943ff6b956dd', 'f1a67385-3219-44f8-b390-7fdeb895cd9a', '2025-11-22 05:52:33.046+00', '2025-11-22 05:53:12.74+00', NULL, 0.00, NULL, false, NULL);
INSERT INTO public.bookings (id, start_date, end_date, total_days, price_per_day, total_price, status, payment_status, payment_method, notes, user_id, vehicle_id, created_at, updated_at, promo_code_id, discount_amount, final_price, contract_accepted, contract_accepted_date) VALUES ('7439eda1-7036-47fb-bff5-645bf3c00a10', '2025-11-28', '2025-11-29', 1, 75000.00, 75000.00, 'cancelled', 'paid', 'card', '', '13761d73-b674-4bf3-9586-5688ad5e36dc', '0dc1e52f-c307-4efc-9474-7fb029cadddc', '2025-11-27 03:52:06.381+00', '2025-11-27 06:31:57.513+00', NULL, 0.00, NULL, false, NULL);
INSERT INTO public.bookings (id, start_date, end_date, total_days, price_per_day, total_price, status, payment_status, payment_method, notes, user_id, vehicle_id, created_at, updated_at, promo_code_id, discount_amount, final_price, contract_accepted, contract_accepted_date) VALUES ('b5e797fe-180a-4771-b7f8-69ce44215a59', '2026-01-27', '2026-01-28', 1, 75000.00, 75000.00, 'confirmed', 'paid', NULL, '', 'ceca4ac4-96f2-4541-8c70-943ff6b956dd', '0dc1e52f-c307-4efc-9474-7fb029cadddc', '2026-01-19 06:25:22.606+00', '2026-01-19 06:26:16.769+00', NULL, 0.00, NULL, false, NULL);
INSERT INTO public.bookings (id, start_date, end_date, total_days, price_per_day, total_price, status, payment_status, payment_method, notes, user_id, vehicle_id, created_at, updated_at, promo_code_id, discount_amount, final_price, contract_accepted, contract_accepted_date) VALUES ('cf0926e3-20bf-4248-aa5e-c1c11c900b7d', '2025-11-27', '2025-11-28', 1, 75000.00, 75000.00, 'cancelled', 'paid', 'card', '', '13761d73-b674-4bf3-9586-5688ad5e36dc', '0dc1e52f-c307-4efc-9474-7fb029cadddc', '2025-11-27 06:32:44.152+00', '2025-11-27 07:30:11.369+00', NULL, 0.00, NULL, false, NULL);
INSERT INTO public.bookings (id, start_date, end_date, total_days, price_per_day, total_price, status, payment_status, payment_method, notes, user_id, vehicle_id, created_at, updated_at, promo_code_id, discount_amount, final_price, contract_accepted, contract_accepted_date) VALUES ('050470e2-ccd9-4e22-a7f5-b3cd6ec585f9', '2025-11-28', '2025-11-29', 1, 75000.00, 75000.00, 'pending', 'paid', 'card', '', '13761d73-b674-4bf3-9586-5688ad5e36dc', '0dc1e52f-c307-4efc-9474-7fb029cadddc', '2025-11-27 12:23:04.603+00', '2025-11-27 12:23:10.761+00', NULL, 0.00, NULL, false, NULL);
INSERT INTO public.bookings (id, start_date, end_date, total_days, price_per_day, total_price, status, payment_status, payment_method, notes, user_id, vehicle_id, created_at, updated_at, promo_code_id, discount_amount, final_price, contract_accepted, contract_accepted_date) VALUES ('16faa561-8e4f-4bf3-adf9-0a5f9daf6c78', '2026-03-07', '2026-03-08', 1, 20000.00, 20000.00, 'confirmed', 'paid', 'momo_orange', '', '0730e78d-cffb-4533-a364-1b56dc4fff5b', '03b1b31f-5a07-4985-bfaa-e1984f5a21db', '2026-03-05 11:14:21.356+00', '2026-03-05 11:14:47.981+00', NULL, 0.00, NULL, false, NULL);
INSERT INTO public.bookings (id, start_date, end_date, total_days, price_per_day, total_price, status, payment_status, payment_method, notes, user_id, vehicle_id, created_at, updated_at, promo_code_id, discount_amount, final_price, contract_accepted, contract_accepted_date) VALUES ('a26c2adc-7f9d-470f-be5a-768b6765dd43', '2025-11-26', '2025-11-27', 1, 60000.00, 60000.00, 'completed', 'paid', 'cash', '', 'ceca4ac4-96f2-4541-8c70-943ff6b956dd', 'f1a67385-3219-44f8-b390-7fdeb895cd9a', '2025-11-26 17:39:09.897+00', '2025-11-28 05:33:02.171+00', NULL, 0.00, NULL, false, NULL);
INSERT INTO public.bookings (id, start_date, end_date, total_days, price_per_day, total_price, status, payment_status, payment_method, notes, user_id, vehicle_id, created_at, updated_at, promo_code_id, discount_amount, final_price, contract_accepted, contract_accepted_date) VALUES ('8cbb471f-582d-48c2-92e5-9c375446a57a', '2026-01-10', '2026-01-12', 2, 45000.00, 90000.00, 'pending', 'paid', 'momo_mtn', '', '13761d73-b674-4bf3-9586-5688ad5e36dc', '9068e572-b064-40f2-8536-1ebe16beb2e9', '2026-01-08 11:00:32.619+00', '2026-01-08 11:00:52.54+00', NULL, 0.00, NULL, false, NULL);
INSERT INTO public.bookings (id, start_date, end_date, total_days, price_per_day, total_price, status, payment_status, payment_method, notes, user_id, vehicle_id, created_at, updated_at, promo_code_id, discount_amount, final_price, contract_accepted, contract_accepted_date) VALUES ('e0e4dac1-5746-40f0-a449-e39dca69a648', '2025-11-21', '2025-11-23', 2, 25000.00, 50000.00, 'completed', 'pending', NULL, '', '13761d73-b674-4bf3-9586-5688ad5e36dc', '3301d42e-b21b-4f81-9657-7b55e4785f21', '2025-11-21 03:25:36.996+00', '2026-01-08 11:02:02.209+00', NULL, 0.00, NULL, false, NULL);
INSERT INTO public.bookings (id, start_date, end_date, total_days, price_per_day, total_price, status, payment_status, payment_method, notes, user_id, vehicle_id, created_at, updated_at, promo_code_id, discount_amount, final_price, contract_accepted, contract_accepted_date) VALUES ('12f4500a-28be-4509-8320-8f785e2e4433', '2026-01-16', '2026-01-17', 1, 25000.00, 25000.00, 'pending', 'paid', 'card', '', '13761d73-b674-4bf3-9586-5688ad5e36dc', '3301d42e-b21b-4f81-9657-7b55e4785f21', '2026-01-13 11:00:32.019+00', '2026-01-13 11:00:38.064+00', NULL, 0.00, NULL, false, NULL);
INSERT INTO public.bookings (id, start_date, end_date, total_days, price_per_day, total_price, status, payment_status, payment_method, notes, user_id, vehicle_id, created_at, updated_at, promo_code_id, discount_amount, final_price, contract_accepted, contract_accepted_date) VALUES ('86507c3f-c306-4c4b-b628-09a69e44f1e4', '2026-01-20', '2026-01-21', 1, 15000.00, 15000.00, 'confirmed', 'pending', NULL, '', 'ceca4ac4-96f2-4541-8c70-943ff6b956dd', 'e604224c-b810-40dd-b305-d3085dba89e3', '2026-01-18 13:49:02.782+00', '2026-03-04 14:26:33.258+00', NULL, 0.00, NULL, false, NULL);
INSERT INTO public.bookings (id, start_date, end_date, total_days, price_per_day, total_price, status, payment_status, payment_method, notes, user_id, vehicle_id, created_at, updated_at, promo_code_id, discount_amount, final_price, contract_accepted, contract_accepted_date) VALUES ('872f0d29-7f59-43da-b5c6-583228effd72', '2026-01-17', '2026-01-18', 1, 45000.00, 45000.00, 'pending', 'paid', 'card', '', '13761d73-b674-4bf3-9586-5688ad5e36dc', '9068e572-b064-40f2-8536-1ebe16beb2e9', '2026-01-14 07:19:01.776+00', '2026-01-14 07:22:06.839+00', NULL, 0.00, NULL, true, '2026-01-14 07:21:52.338+00');
INSERT INTO public.bookings (id, start_date, end_date, total_days, price_per_day, total_price, status, payment_status, payment_method, notes, user_id, vehicle_id, created_at, updated_at, promo_code_id, discount_amount, final_price, contract_accepted, contract_accepted_date) VALUES ('90c1ed5e-fd51-4c6b-845a-fe5a60ba2e2d', '2026-03-02', '2026-03-04', 2, 60000.00, 120000.00, 'completed', 'paid', 'momo_orange', '', '0730e78d-cffb-4533-a364-1b56dc4fff5b', 'f1a67385-3219-44f8-b390-7fdeb895cd9a', '2026-03-02 13:54:37.529+00', '2026-03-05 08:13:07.115+00', NULL, 0.00, NULL, false, NULL);
INSERT INTO public.bookings (id, start_date, end_date, total_days, price_per_day, total_price, status, payment_status, payment_method, notes, user_id, vehicle_id, created_at, updated_at, promo_code_id, discount_amount, final_price, contract_accepted, contract_accepted_date) VALUES ('4e75b31b-b63f-4940-b7ea-8469d391ffc9', '2026-01-30', '2026-02-01', 2, 25000.00, 50000.00, 'confirmed', 'pending', NULL, '', 'ceca4ac4-96f2-4541-8c70-943ff6b956dd', '3301d42e-b21b-4f81-9657-7b55e4785f21', '2026-01-18 13:27:54.029+00', '2026-03-05 09:11:37.822+00', NULL, 0.00, NULL, false, NULL);
INSERT INTO public.bookings (id, start_date, end_date, total_days, price_per_day, total_price, status, payment_status, payment_method, notes, user_id, vehicle_id, created_at, updated_at, promo_code_id, discount_amount, final_price, contract_accepted, contract_accepted_date) VALUES ('0e8392a6-fddb-4fb3-a5a3-18427322bd7d', '2026-01-14', '2026-01-15', 1, 25000.00, 25000.00, 'confirmed', 'paid', 'card', '', '13761d73-b674-4bf3-9586-5688ad5e36dc', '3301d42e-b21b-4f81-9657-7b55e4785f21', '2026-01-13 10:34:54.349+00', '2026-01-15 17:51:49.129+00', NULL, 0.00, NULL, false, NULL);
INSERT INTO public.bookings (id, start_date, end_date, total_days, price_per_day, total_price, status, payment_status, payment_method, notes, user_id, vehicle_id, created_at, updated_at, promo_code_id, discount_amount, final_price, contract_accepted, contract_accepted_date) VALUES ('13469082-eaec-4ff0-8d99-bd37cbe1fbaf', '2025-11-19', '2025-11-21', 2, 75000.00, 150000.00, 'cancelled', 'failed', NULL, 'Reservation annulee automatiquement (verrou expire).', 'ceca4ac4-96f2-4541-8c70-943ff6b956dd', '0dc1e52f-c307-4efc-9474-7fb029cadddc', '2025-11-19 20:41:58.261+00', '2026-03-05 11:14:21.288+00', NULL, 0.00, NULL, false, NULL);
INSERT INTO public.bookings (id, start_date, end_date, total_days, price_per_day, total_price, status, payment_status, payment_method, notes, user_id, vehicle_id, created_at, updated_at, promo_code_id, discount_amount, final_price, contract_accepted, contract_accepted_date) VALUES ('9d201d8e-96e2-40ee-85af-8a1fd6383141', '2026-01-16', '2026-01-17', 1, 60000.00, 60000.00, 'cancelled', 'failed', NULL, 'Reservation annulee automatiquement (verrou expire).', 'ceca4ac4-96f2-4541-8c70-943ff6b956dd', 'f1a67385-3219-44f8-b390-7fdeb895cd9a', '2026-01-16 10:31:12.024+00', '2026-03-05 11:14:21.288+00', NULL, 0.00, NULL, false, NULL);
INSERT INTO public.bookings (id, start_date, end_date, total_days, price_per_day, total_price, status, payment_status, payment_method, notes, user_id, vehicle_id, created_at, updated_at, promo_code_id, discount_amount, final_price, contract_accepted, contract_accepted_date) VALUES ('341b1f11-4249-4cdc-a6f1-f5f3ba91bb22', '2026-01-18', '2026-01-19', 1, 75000.00, 75000.00, 'cancelled', 'failed', NULL, 'Reservation annulee automatiquement (verrou expire).', 'ceca4ac4-96f2-4541-8c70-943ff6b956dd', '0dc1e52f-c307-4efc-9474-7fb029cadddc', '2026-01-16 12:36:45.02+00', '2026-03-05 11:14:21.288+00', NULL, 0.00, NULL, false, NULL);
INSERT INTO public.bookings (id, start_date, end_date, total_days, price_per_day, total_price, status, payment_status, payment_method, notes, user_id, vehicle_id, created_at, updated_at, promo_code_id, discount_amount, final_price, contract_accepted, contract_accepted_date) VALUES ('95b4dd99-f7b9-4e36-8cdb-f825e698e6b3', '2025-11-28', '2025-11-30', 2, 45000.00, 90000.00, 'cancelled', 'failed', NULL, 'Reservation annulee automatiquement (verrou expire).', 'ceca4ac4-96f2-4541-8c70-943ff6b956dd', '9068e572-b064-40f2-8536-1ebe16beb2e9', '2025-11-21 09:51:58.5+00', '2026-03-05 11:14:21.288+00', NULL, 0.00, NULL, false, NULL);
INSERT INTO public.bookings (id, start_date, end_date, total_days, price_per_day, total_price, status, payment_status, payment_method, notes, user_id, vehicle_id, created_at, updated_at, promo_code_id, discount_amount, final_price, contract_accepted, contract_accepted_date) VALUES ('c6590da9-667b-40e4-931c-0dfe55a7104a', '2026-01-18', '2026-01-19', 1, 15000.00, 15000.00, 'cancelled', 'failed', NULL, 'Reservation annulee automatiquement (verrou expire).', 'ceca4ac4-96f2-4541-8c70-943ff6b956dd', 'e604224c-b810-40dd-b305-d3085dba89e3', '2026-01-18 13:42:16.266+00', '2026-03-05 11:14:21.288+00', NULL, 0.00, NULL, false, NULL);
INSERT INTO public.bookings (id, start_date, end_date, total_days, price_per_day, total_price, status, payment_status, payment_method, notes, user_id, vehicle_id, created_at, updated_at, promo_code_id, discount_amount, final_price, contract_accepted, contract_accepted_date) VALUES ('c85a9c67-349d-47a8-9946-456ba456dd40', '2026-01-14', '2026-01-15', 1, 75000.00, 75000.00, 'cancelled', 'failed', NULL, 'Reservation annulee automatiquement (verrou expire).', '13761d73-b674-4bf3-9586-5688ad5e36dc', '0dc1e52f-c307-4efc-9474-7fb029cadddc', '2026-01-14 07:13:49.234+00', '2026-03-05 11:14:21.288+00', NULL, 0.00, NULL, false, NULL);
INSERT INTO public.bookings (id, start_date, end_date, total_days, price_per_day, total_price, status, payment_status, payment_method, notes, user_id, vehicle_id, created_at, updated_at, promo_code_id, discount_amount, final_price, contract_accepted, contract_accepted_date) VALUES ('4271b44e-377a-4339-ac9d-24fb6a2040dd', '2026-01-16', '2026-01-17', 1, 75000.00, 75000.00, 'cancelled', 'failed', NULL, 'Reservation annulee automatiquement (verrou expire).', '13761d73-b674-4bf3-9586-5688ad5e36dc', '0dc1e52f-c307-4efc-9474-7fb029cadddc', '2026-01-14 07:14:15.258+00', '2026-03-05 11:14:21.288+00', NULL, 0.00, NULL, false, NULL);
INSERT INTO public.bookings (id, start_date, end_date, total_days, price_per_day, total_price, status, payment_status, payment_method, notes, user_id, vehicle_id, created_at, updated_at, promo_code_id, discount_amount, final_price, contract_accepted, contract_accepted_date) VALUES ('f15f3452-4ae8-4fb4-a912-e8b8788dd446', '2026-01-23', '2026-01-24', 1, 75000.00, 75000.00, 'cancelled', 'failed', NULL, 'Reservation annulee automatiquement (verrou expire).', '13761d73-b674-4bf3-9586-5688ad5e36dc', '0dc1e52f-c307-4efc-9474-7fb029cadddc', '2026-01-14 07:16:32.304+00', '2026-03-05 11:14:21.288+00', NULL, 0.00, NULL, false, NULL);
INSERT INTO public.bookings (id, start_date, end_date, total_days, price_per_day, total_price, status, payment_status, payment_method, notes, user_id, vehicle_id, created_at, updated_at, promo_code_id, discount_amount, final_price, contract_accepted, contract_accepted_date) VALUES ('0687cc8c-52e2-4e47-8037-3b99b63575ac', '2026-01-14', '2026-01-15', 1, 45000.00, 45000.00, 'cancelled', 'failed', NULL, 'Reservation annulee automatiquement (verrou expire).', '13761d73-b674-4bf3-9586-5688ad5e36dc', '9068e572-b064-40f2-8536-1ebe16beb2e9', '2026-01-14 07:17:17.45+00', '2026-03-05 11:14:21.288+00', NULL, 0.00, NULL, false, NULL);
INSERT INTO public.bookings (id, start_date, end_date, total_days, price_per_day, total_price, status, payment_status, payment_method, notes, user_id, vehicle_id, created_at, updated_at, promo_code_id, discount_amount, final_price, contract_accepted, contract_accepted_date) VALUES ('e6453b31-fa31-413a-a195-c27bc86a8b53', '2026-03-19', '2026-03-24', 5, 60000.00, 300000.00, 'completed', 'paid', 'card', '', '0730e78d-cffb-4533-a364-1b56dc4fff5b', 'f1a67385-3219-44f8-b390-7fdeb895cd9a', '2026-03-06 12:01:55.744+00', '2026-03-06 12:14:12.763+00', NULL, 0.00, NULL, false, NULL);
INSERT INTO public.bookings (id, start_date, end_date, total_days, price_per_day, total_price, status, payment_status, payment_method, notes, user_id, vehicle_id, created_at, updated_at, promo_code_id, discount_amount, final_price, contract_accepted, contract_accepted_date) VALUES ('77609611-0b0f-4542-a79e-3332bfbaff3c', '2026-03-03', '2026-03-05', 2, 25000.00, 50000.00, 'cancelled', 'paid', 'momo_orange', 'Annulation 2026-03-08T16:42:28.227Z | politique=late_under_24h | taux=0% | remboursement=0', '0730e78d-cffb-4533-a364-1b56dc4fff5b', '3301d42e-b21b-4f81-9657-7b55e4785f21', '2026-03-03 12:02:15.373+00', '2026-03-08 16:42:28.227+00', NULL, 0.00, NULL, false, NULL);
INSERT INTO public.bookings (id, start_date, end_date, total_days, price_per_day, total_price, status, payment_status, payment_method, notes, user_id, vehicle_id, created_at, updated_at, promo_code_id, discount_amount, final_price, contract_accepted, contract_accepted_date) VALUES ('d23e4de6-120b-41b0-9848-9cd84c5ceca0', '2026-03-08', '2026-03-09', 1, 45000.00, 45000.00, 'cancelled', 'paid', 'momo_orange', 'Raison annulation: desistement
Annulation 2026-03-08T17:01:38.349Z | politique=late_under_24h | taux=0% | remboursement=0', '0730e78d-cffb-4533-a364-1b56dc4fff5b', '9068e572-b064-40f2-8536-1ebe16beb2e9', '2026-03-08 17:00:34.827+00', '2026-03-08 17:01:38.349+00', NULL, 0.00, NULL, false, NULL);
INSERT INTO public.bookings (id, start_date, end_date, total_days, price_per_day, total_price, status, payment_status, payment_method, notes, user_id, vehicle_id, created_at, updated_at, promo_code_id, discount_amount, final_price, contract_accepted, contract_accepted_date) VALUES ('74044485-23ee-4585-8be9-95714d8a26f0', '2026-01-22', '2026-01-23', 1, 15000.00, 15000.00, 'completed', 'pending', NULL, '', 'ceca4ac4-96f2-4541-8c70-943ff6b956dd', 'e604224c-b810-40dd-b305-d3085dba89e3', '2026-01-18 13:52:09.827+00', '2026-03-08 18:21:16.414+00', NULL, 0.00, NULL, false, NULL);


--
-- Data for Name: booking_approvals; Type: TABLE DATA; Schema: public; Owner: -
--



--
-- Data for Name: payments; Type: TABLE DATA; Schema: public; Owner: -
--

INSERT INTO public.payments VALUES ('cdb7d2bd-f1ce-421a-b5a0-9587641ef832', 60000.00, 'card', 'completed', 'TXN-1768382740430-BXNSSI6FE', NULL, '0ce6587b-7bc2-47b5-acd2-906f5e3dc92b', 'ceca4ac4-96f2-4541-8c70-943ff6b956dd', '2026-01-14 09:25:40.431+00', '2026-01-14 09:25:42.45+00');
INSERT INTO public.payments VALUES ('7ad6b6f1-b6c2-4144-bd76-7631d009f8c8', 75000.00, 'momo_orange', 'completed', 'TXN-1768803974464-765', '690000096', 'b5e797fe-180a-4771-b7f8-69ce44215a59', 'ceca4ac4-96f2-4541-8c70-943ff6b956dd', '2026-01-19 06:26:14.464+00', '2026-01-19 06:26:16.56+00');
INSERT INTO public.payments VALUES ('2c1823b8-c069-4dc4-b19f-f73177819955', 120000.00, 'momo_orange', 'completed', 'TXN-1772459714376-931', '620229240', '90c1ed5e-fd51-4c6b-845a-fe5a60ba2e2d', '0730e78d-cffb-4533-a364-1b56dc4fff5b', '2026-03-02 13:55:14.377+00', '2026-03-02 13:55:16.398+00');
INSERT INTO public.payments VALUES ('3d81387b-f09f-45bf-8679-c6c1eba96888', 50000.00, 'momo_orange', 'completed', 'TXN-1772539378596-697', '620334543', '77609611-0b0f-4542-a79e-3332bfbaff3c', '0730e78d-cffb-4533-a364-1b56dc4fff5b', '2026-03-03 12:02:58.596+00', '2026-03-03 12:03:00.618+00');
INSERT INTO public.payments VALUES ('ed9ee958-d77d-4450-ad53-93af58c73e71', 20000.00, 'momo_orange', 'completed', 'TXN-1772709285852-662', '620229240', '16faa561-8e4f-4bf3-adf9-0a5f9daf6c78', '0730e78d-cffb-4533-a364-1b56dc4fff5b', '2026-03-05 11:14:45.852+00', '2026-03-05 11:14:47.918+00');
INSERT INTO public.payments VALUES ('0a1b18c3-fcd9-4db0-91eb-a8541e0941bb', 300000.00, 'card', 'completed', 'TXN-1772798561263-635', NULL, 'e6453b31-fa31-413a-a195-c27bc86a8b53', '0730e78d-cffb-4533-a364-1b56dc4fff5b', '2026-03-06 12:02:41.263+00', '2026-03-06 12:02:43.418+00');
INSERT INTO public.payments VALUES ('63c486e5-6421-4167-a83e-243abb618a16', 45000.00, 'momo_orange', 'completed', 'TXN-1772989246494-980', '202', 'd23e4de6-120b-41b0-9848-9cd84c5ceca0', '0730e78d-cffb-4533-a364-1b56dc4fff5b', '2026-03-08 17:00:46.494+00', '2026-03-08 17:00:48.614+00');


--
-- Data for Name: contracts; Type: TABLE DATA; Schema: public; Owner: -
--

INSERT INTO public.contracts VALUES ('299754e6-29c6-48f4-bf90-0dc455a73656', 'CNT-1768382742462-LEXBX2X83', 'draft', 'rental', '2026-01-14 00:00:00+00', '2026-01-15 00:00:00+00', 'Contrat de location de bughati chiron du 2026-01-14 au 2026-01-15. Le locataire s''engage à respecter les conditions d''utilisation du véhicule.', 'Le paiement a été effectué. La location peut débuter selon les conditions convenues.', 60000.00, true, NULL, NULL, NULL, 'Contrat créé automatiquement lors de la validation du paiement TXN-1768382740430-BXNSSI6FE', '0ce6587b-7bc2-47b5-acd2-906f5e3dc92b', 'cdb7d2bd-f1ce-421a-b5a0-9587641ef832', 'ceca4ac4-96f2-4541-8c70-943ff6b956dd', '6c5e4698-dbe2-473a-a4ae-44bf762b44a6', '2026-01-14 09:25:42.83+00', '2026-01-14 09:25:42.83+00');
INSERT INTO public.contracts VALUES ('1a3231cd-deef-4583-b489-7fdda08fe406', 'CNT-20260119-B54CC0GU2', 'draft', 'rental', '2026-01-27 00:00:00+00', '2026-01-28 00:00:00+00', 'Contrat de location automatique pour Mercedes Classe E', 'Paiement effectué en totalité.', 75000.00, true, '2026-01-19 06:26:32.958+00', NULL, NULL, NULL, 'b5e797fe-180a-4771-b7f8-69ce44215a59', '7ad6b6f1-b6c2-4144-bd76-7631d009f8c8', 'ceca4ac4-96f2-4541-8c70-943ff6b956dd', '1ba59864-0028-47c0-b7cc-0c663034d497', '2026-01-19 06:26:16.771+00', '2026-01-19 06:26:32.959+00');
INSERT INTO public.contracts VALUES ('92d4c680-53ce-4fd3-bc76-0f4508f8e0e4', 'CNT-20260302-2B7H8O2BN', 'active', 'rental', '2026-03-02 00:00:00+00', '2026-03-04 00:00:00+00', 'Contrat de location automatique pour bughati chiron', 'Paiement effectué en totalité.', 120000.00, true, '2026-03-02 13:55:30.83+00', '2026-03-03 07:25:17.121+00', NULL, NULL, '90c1ed5e-fd51-4c6b-845a-fe5a60ba2e2d', '2c1823b8-c069-4dc4-b19f-f73177819955', '0730e78d-cffb-4533-a364-1b56dc4fff5b', '6c5e4698-dbe2-473a-a4ae-44bf762b44a6', '2026-03-02 13:55:16.503+00', '2026-03-03 07:25:17.123+00');
INSERT INTO public.contracts VALUES ('bf94654e-aa95-4249-ae47-51703030ea9a', 'CNT-20260303-58TJ379WX', 'active', 'rental', '2026-03-03 00:00:00+00', '2026-03-05 00:00:00+00', 'Contrat de location automatique pour Toyota Corolla', 'Paiement effectué en totalité.', 50000.00, true, '2026-03-03 12:03:15.51+00', '2026-03-03 12:11:32.085+00', NULL, NULL, '77609611-0b0f-4542-a79e-3332bfbaff3c', '3d81387b-f09f-45bf-8679-c6c1eba96888', '0730e78d-cffb-4533-a364-1b56dc4fff5b', '6c5e4698-dbe2-473a-a4ae-44bf762b44a6', '2026-03-03 12:03:00.858+00', '2026-03-03 12:11:32.085+00');
INSERT INTO public.contracts VALUES ('141d86a0-1d21-4406-a0c8-2fac3b1f3559', 'QTE-20260305-MU4337', 'active', 'rental', '2026-03-07 00:00:00+00', '2026-03-08 00:00:00+00', 'Contrat de location confirme pour Hyundai i10', 'Paiement effectue en totalite.', 20000.00, true, '2026-03-05 11:14:58.411+00', '2026-03-05 11:16:29.852+00', NULL, 'Converti automatiquement depuis devis pre-paiement.', '16faa561-8e4f-4bf3-adf9-0a5f9daf6c78', 'ed9ee958-d77d-4450-ad53-93af58c73e71', '0730e78d-cffb-4533-a364-1b56dc4fff5b', 'c3408fa6-1109-4a1b-9dd8-9cf1e01418ad', '2026-03-05 11:14:21.393+00', '2026-03-05 11:16:29.852+00');
INSERT INTO public.contracts VALUES ('934df0f4-f36e-46a3-ac88-c6231d8b8141', 'QTE-20260306-RLY9HK', 'active', 'rental', '2026-03-19 00:00:00+00', '2026-03-24 00:00:00+00', 'Contrat de location confirme pour bughati chiron', 'Paiement effectue en totalite.', 300000.00, true, '2026-03-06 12:03:31.536+00', '2026-03-06 12:13:37.118+00', NULL, 'Converti automatiquement depuis devis pre-paiement.', 'e6453b31-fa31-413a-a195-c27bc86a8b53', '0a1b18c3-fcd9-4db0-91eb-a8541e0941bb', '0730e78d-cffb-4533-a364-1b56dc4fff5b', '6c5e4698-dbe2-473a-a4ae-44bf762b44a6', '2026-03-06 12:01:55.847+00', '2026-03-06 12:13:37.119+00');
INSERT INTO public.contracts VALUES ('85adf1a2-46cb-4b16-92ca-3749f0f5cbe8', 'QTE-20260308-89NZFU', 'draft', 'rental', '2026-03-08 00:00:00+00', '2026-03-09 00:00:00+00', 'Contrat de location confirme pour Toyota RAV4', 'Paiement effectue en totalite.', 45000.00, true, '2026-03-08 17:00:54.941+00', NULL, NULL, 'Converti automatiquement depuis devis pre-paiement.', 'd23e4de6-120b-41b0-9848-9cd84c5ceca0', '63c486e5-6421-4167-a83e-243abb618a16', '0730e78d-cffb-4533-a364-1b56dc4fff5b', '1ba59864-0028-47c0-b7cc-0c663034d497', '2026-03-08 17:00:34.884+00', '2026-03-08 17:00:54.941+00');


--
-- Data for Name: conversations; Type: TABLE DATA; Schema: public; Owner: -
--

INSERT INTO public.conversations VALUES ('a9644377-dccc-48b7-a713-d1037828470d', '0730e78d-cffb-4533-a364-1b56dc4fff5b', '4163b0cd-fe07-43f6-b65a-d21bb306e70a', '2026-03-04 15:45:08.573+00', '2026-03-04 15:45:08.576+00', '2026-03-04 15:45:08.576+00');
INSERT INTO public.conversations VALUES ('dcb368a6-654d-4cfb-8ea4-bb65580e890a', '13761d73-b674-4bf3-9586-5688ad5e36dc', '80f6048b-4389-4b9c-be2e-9c95a29277d3', '2026-03-05 20:13:29.158+00', '2026-03-05 13:05:58.25+00', '2026-03-05 20:13:29.159+00');
INSERT INTO public.conversations VALUES ('5af8a0d0-51f4-44be-b2aa-8f6f55926bb8', '0730e78d-cffb-4533-a364-1b56dc4fff5b', '13761d73-b674-4bf3-9586-5688ad5e36dc', '2026-03-08 13:15:02.465+00', '2026-03-04 15:45:07.777+00', '2026-03-08 13:15:02.465+00');
INSERT INTO public.conversations VALUES ('f84411bb-8705-4122-94aa-c9f55b77ecc9', '0730e78d-cffb-4533-a364-1b56dc4fff5b', '80f6048b-4389-4b9c-be2e-9c95a29277d3', '2026-03-08 13:25:37.945+00', '2026-03-08 13:25:37.95+00', '2026-03-08 13:25:37.95+00');
INSERT INTO public.conversations VALUES ('7eb29126-717a-4e20-b2b0-913a368d621f', '0730e78d-cffb-4533-a364-1b56dc4fff5b', '5e5fde1b-69cf-47c7-b702-4c35ba1ac6e8', '2026-03-08 13:41:04.491+00', '2026-03-08 13:41:04.494+00', '2026-03-08 13:41:04.494+00');
INSERT INTO public.conversations VALUES ('619d9461-1156-485c-a269-5abcb83a7f96', '0730e78d-cffb-4533-a364-1b56dc4fff5b', '22d33768-39a5-4c97-b4af-6774b1f4a1aa', '2026-03-08 19:33:43.021+00', '2026-03-04 15:47:08.025+00', '2026-03-08 19:33:43.021+00');


--
-- Data for Name: loyalty_points; Type: TABLE DATA; Schema: public; Owner: -
--

INSERT INTO public.loyalty_points VALUES ('05089c3c-8892-4b00-ac2e-48102686ed6e', '0730e78d-cffb-4533-a364-1b56dc4fff5b', 150, '90c1ed5e-fd51-4c6b-845a-fe5a60ba2e2d', 'booking_completed', '2026-03-05 08:13:07.205+00');
INSERT INTO public.loyalty_points VALUES ('f27bca19-3aaf-4282-b5a1-0c5378ff1194', '0730e78d-cffb-4533-a364-1b56dc4fff5b', 150, 'e6453b31-fa31-413a-a195-c27bc86a8b53', 'booking_completed', '2026-03-06 12:14:12.82+00');
INSERT INTO public.loyalty_points VALUES ('650e10dd-1216-4a1d-8fd9-cd76e16870a4', 'ceca4ac4-96f2-4541-8c70-943ff6b956dd', 100, '74044485-23ee-4585-8be9-95714d8a26f0', 'booking_completed', '2026-03-08 18:21:16.538+00');


--
-- Data for Name: messages; Type: TABLE DATA; Schema: public; Owner: -
--

INSERT INTO public.messages (id, conversation_id, sender_id, content, is_read, read_at, created_at, updated_at, attachment_url, attachment_name, attachment_type, attachment_size, delivered_at, is_deleted_for_everyone, deleted_for_user_ids, deleted_at, deleted_by) VALUES ('f4e75684-7cb5-4833-9d6d-0fe6972bd2cf', 'dcb368a6-654d-4cfb-8ea4-bb65580e890a', '13761d73-b674-4bf3-9586-5688ad5e36dc', 'ca va et vous ?', false, NULL, '2026-03-05 20:13:29.098+00', '2026-03-05 20:13:29.098+00', NULL, NULL, NULL, NULL, NULL, false, '{}', NULL, NULL);
INSERT INTO public.messages (id, conversation_id, sender_id, content, is_read, read_at, created_at, updated_at, attachment_url, attachment_name, attachment_type, attachment_size, delivered_at, is_deleted_for_everyone, deleted_for_user_ids, deleted_at, deleted_by) VALUES ('36d19cdf-8a32-40f4-a00b-d890c6029e07', '619d9461-1156-485c-a269-5abcb83a7f96', '22d33768-39a5-4c97-b4af-6774b1f4a1aa', 'ca va comment pouvons nous vous aidez ?', true, '2026-03-04 15:48:51.131+00', '2026-03-04 15:48:38.951+00', '2026-03-08 13:15:45.21+00', NULL, NULL, NULL, NULL, '2026-03-08 13:15:45.209+00', false, '{}', NULL, NULL);
INSERT INTO public.messages (id, conversation_id, sender_id, content, is_read, read_at, created_at, updated_at, attachment_url, attachment_name, attachment_type, attachment_size, delivered_at, is_deleted_for_everyone, deleted_for_user_ids, deleted_at, deleted_by) VALUES ('1797d339-1c14-4af6-8840-0348e8a23b0d', '619d9461-1156-485c-a269-5abcb83a7f96', '22d33768-39a5-4c97-b4af-6774b1f4a1aa', 'comment tu vas ?', true, '2026-03-04 15:51:47.139+00', '2026-03-04 15:51:46.297+00', '2026-03-08 13:15:45.21+00', NULL, NULL, NULL, NULL, '2026-03-08 13:15:45.209+00', false, '{}', NULL, NULL);
INSERT INTO public.messages (id, conversation_id, sender_id, content, is_read, read_at, created_at, updated_at, attachment_url, attachment_name, attachment_type, attachment_size, delivered_at, is_deleted_for_everyone, deleted_for_user_ids, deleted_at, deleted_by) VALUES ('1642f625-e8bf-47f3-9389-fff5acac2774', '619d9461-1156-485c-a269-5abcb83a7f96', '22d33768-39a5-4c97-b4af-6774b1f4a1aa', 'je suis la', true, '2026-03-04 16:45:34.473+00', '2026-03-04 16:45:34.446+00', '2026-03-08 13:15:45.21+00', NULL, NULL, NULL, NULL, '2026-03-08 13:15:45.209+00', false, '{}', NULL, NULL);
INSERT INTO public.messages (id, conversation_id, sender_id, content, is_read, read_at, created_at, updated_at, attachment_url, attachment_name, attachment_type, attachment_size, delivered_at, is_deleted_for_everyone, deleted_for_user_ids, deleted_at, deleted_by) VALUES ('73432f47-ee4b-4bcc-91ff-432b98dde1f1', '619d9461-1156-485c-a269-5abcb83a7f96', '22d33768-39a5-4c97-b4af-6774b1f4a1aa', 'ca va', true, '2026-03-04 16:47:05.609+00', '2026-03-04 16:47:05.533+00', '2026-03-08 13:15:45.21+00', NULL, NULL, NULL, NULL, '2026-03-08 13:15:45.209+00', false, '{}', NULL, NULL);
INSERT INTO public.messages (id, conversation_id, sender_id, content, is_read, read_at, created_at, updated_at, attachment_url, attachment_name, attachment_type, attachment_size, delivered_at, is_deleted_for_everyone, deleted_for_user_ids, deleted_at, deleted_by) VALUES ('4b69db17-c350-4f4f-b026-9020b0072476', '619d9461-1156-485c-a269-5abcb83a7f96', '22d33768-39a5-4c97-b4af-6774b1f4a1aa', 'bonjour', true, '2026-03-05 07:58:21.939+00', '2026-03-05 07:58:21.838+00', '2026-03-08 13:15:45.21+00', NULL, NULL, NULL, NULL, '2026-03-08 13:15:45.209+00', false, '{}', NULL, NULL);
INSERT INTO public.messages (id, conversation_id, sender_id, content, is_read, read_at, created_at, updated_at, attachment_url, attachment_name, attachment_type, attachment_size, delivered_at, is_deleted_for_everyone, deleted_for_user_ids, deleted_at, deleted_by) VALUES ('e42cc27a-301e-4bfd-acda-a222955ef73a', '619d9461-1156-485c-a269-5abcb83a7f96', '22d33768-39a5-4c97-b4af-6774b1f4a1aa', 'ca va', true, '2026-03-05 10:41:32.035+00', '2026-03-05 10:41:31.958+00', '2026-03-08 13:15:45.21+00', NULL, NULL, NULL, NULL, '2026-03-08 13:15:45.209+00', false, '{}', NULL, NULL);
INSERT INTO public.messages (id, conversation_id, sender_id, content, is_read, read_at, created_at, updated_at, attachment_url, attachment_name, attachment_type, attachment_size, delivered_at, is_deleted_for_everyone, deleted_for_user_ids, deleted_at, deleted_by) VALUES ('98ff04b9-88c4-49f1-aa6b-01695c77c14f', '5af8a0d0-51f4-44be-b2aa-8f6f55926bb8', '0730e78d-cffb-4533-a364-1b56dc4fff5b', 'yo', true, '2026-03-06 12:21:03.266+00', '2026-03-06 12:06:36.37+00', '2026-03-08 14:48:20.338+00', NULL, NULL, NULL, NULL, '2026-03-08 14:48:20.338+00', false, '{}', NULL, NULL);
INSERT INTO public.messages (id, conversation_id, sender_id, content, is_read, read_at, created_at, updated_at, attachment_url, attachment_name, attachment_type, attachment_size, delivered_at, is_deleted_for_everyone, deleted_for_user_ids, deleted_at, deleted_by) VALUES ('fd11982d-0e92-47ba-98d3-c20ff9216c64', '5af8a0d0-51f4-44be-b2aa-8f6f55926bb8', '0730e78d-cffb-4533-a364-1b56dc4fff5b', NULL, true, '2026-03-08 14:48:20.39+00', '2026-03-08 13:15:02.424+00', '2026-03-08 14:48:20.39+00', '/uploads/messages/msg-1772975702416-647875094.png', 'fLNDSjj63BxpANRSG-tKLckxwNHuQHohcMadcNeSsprwrYGaeTuV1ejLtEdqNNfBz1nyiM8bCY9fKPVuOX70Bl1z-81z5LWJHskoy8YkqgIjCkY0_wv0UUA5xpZ2GfV-8xgvccaJeECfZ0v1_PCf-NkjYySv-UZAIsyygJyNoB3sN13vZnlZDsS_dP-T_xmvuAa4wjl_pJ96Dg.png', 'image/png', 53816, '2026-03-08 14:48:20.39+00', false, '{}', NULL, NULL);
INSERT INTO public.messages (id, conversation_id, sender_id, content, is_read, read_at, created_at, updated_at, attachment_url, attachment_name, attachment_type, attachment_size, delivered_at, is_deleted_for_everyone, deleted_for_user_ids, deleted_at, deleted_by) VALUES ('8c3a7dab-299c-4f3a-abc4-c36f5260a2d5', 'dcb368a6-654d-4cfb-8ea4-bb65580e890a', '80f6048b-4389-4b9c-be2e-9c95a29277d3', 'bonjour admin comment vous allez ?', true, '2026-03-05 20:13:10.538+00', '2026-03-05 13:06:25.103+00', '2026-03-08 16:56:58.897+00', NULL, NULL, NULL, NULL, '2026-03-08 16:56:58.896+00', false, '{}', NULL, NULL);
INSERT INTO public.messages (id, conversation_id, sender_id, content, is_read, read_at, created_at, updated_at, attachment_url, attachment_name, attachment_type, attachment_size, delivered_at, is_deleted_for_everyone, deleted_for_user_ids, deleted_at, deleted_by) VALUES ('4d7fea7a-56ec-4b39-ac5d-20f279f0f7fe', '619d9461-1156-485c-a269-5abcb83a7f96', '0730e78d-cffb-4533-a364-1b56dc4fff5b', 'bonjour comment vous allez ?', true, '2026-03-04 15:47:39.452+00', '2026-03-04 15:47:33.772+00', '2026-03-08 14:04:47.443+00', NULL, NULL, NULL, NULL, '2026-03-08 14:04:47.442+00', false, '{}', NULL, NULL);
INSERT INTO public.messages (id, conversation_id, sender_id, content, is_read, read_at, created_at, updated_at, attachment_url, attachment_name, attachment_type, attachment_size, delivered_at, is_deleted_for_everyone, deleted_for_user_ids, deleted_at, deleted_by) VALUES ('45897a78-cceb-4dbd-b520-9ef488fba9eb', '619d9461-1156-485c-a269-5abcb83a7f96', '0730e78d-cffb-4533-a364-1b56dc4fff5b', 'bonjour', true, '2026-03-04 15:51:23.442+00', '2026-03-04 15:51:17.213+00', '2026-03-08 14:04:47.443+00', NULL, NULL, NULL, NULL, '2026-03-08 14:04:47.442+00', false, '{}', NULL, NULL);
INSERT INTO public.messages (id, conversation_id, sender_id, content, is_read, read_at, created_at, updated_at, attachment_url, attachment_name, attachment_type, attachment_size, delivered_at, is_deleted_for_everyone, deleted_for_user_ids, deleted_at, deleted_by) VALUES ('a976b6df-8fe6-4c7e-85fe-e53177ef49a8', '619d9461-1156-485c-a269-5abcb83a7f96', '0730e78d-cffb-4533-a364-1b56dc4fff5b', 'bonjour', true, '2026-03-04 15:59:39.678+00', '2026-03-04 15:59:23.411+00', '2026-03-08 14:04:47.443+00', NULL, NULL, NULL, NULL, '2026-03-08 14:04:47.442+00', false, '{}', NULL, NULL);
INSERT INTO public.messages (id, conversation_id, sender_id, content, is_read, read_at, created_at, updated_at, attachment_url, attachment_name, attachment_type, attachment_size, delivered_at, is_deleted_for_everyone, deleted_for_user_ids, deleted_at, deleted_by) VALUES ('3eb8bfb6-cf80-42fb-b0fa-525fce95997e', '619d9461-1156-485c-a269-5abcb83a7f96', '0730e78d-cffb-4533-a364-1b56dc4fff5b', 'comment tu vas ?', true, '2026-03-04 16:01:27.831+00', '2026-03-04 16:01:02.58+00', '2026-03-08 14:04:47.443+00', NULL, NULL, NULL, NULL, '2026-03-08 14:04:47.442+00', false, '{}', NULL, NULL);
INSERT INTO public.messages (id, conversation_id, sender_id, content, is_read, read_at, created_at, updated_at, attachment_url, attachment_name, attachment_type, attachment_size, delivered_at, is_deleted_for_everyone, deleted_for_user_ids, deleted_at, deleted_by) VALUES ('2046ca11-4cfb-416f-b86a-b9da2df5c763', '619d9461-1156-485c-a269-5abcb83a7f96', '0730e78d-cffb-4533-a364-1b56dc4fff5b', 'on  dit quoi', true, '2026-03-04 16:45:17.579+00', '2026-03-04 16:45:17.495+00', '2026-03-08 14:04:47.443+00', NULL, NULL, NULL, NULL, '2026-03-08 14:04:47.442+00', false, '{}', NULL, NULL);
INSERT INTO public.messages (id, conversation_id, sender_id, content, is_read, read_at, created_at, updated_at, attachment_url, attachment_name, attachment_type, attachment_size, delivered_at, is_deleted_for_everyone, deleted_for_user_ids, deleted_at, deleted_by) VALUES ('c25c4490-5949-47ab-9c95-d2ec5c19d62c', '619d9461-1156-485c-a269-5abcb83a7f96', '0730e78d-cffb-4533-a364-1b56dc4fff5b', 'bonjour', true, '2026-03-04 16:46:57.347+00', '2026-03-04 16:46:57.23+00', '2026-03-08 14:04:47.443+00', NULL, NULL, NULL, NULL, '2026-03-08 14:04:47.442+00', false, '{}', NULL, NULL);
INSERT INTO public.messages (id, conversation_id, sender_id, content, is_read, read_at, created_at, updated_at, attachment_url, attachment_name, attachment_type, attachment_size, delivered_at, is_deleted_for_everyone, deleted_for_user_ids, deleted_at, deleted_by) VALUES ('34facb85-a05e-4fdb-a8db-292398186f44', '619d9461-1156-485c-a269-5abcb83a7f96', '0730e78d-cffb-4533-a364-1b56dc4fff5b', 'comment tu vas', true, '2026-03-05 07:59:10.918+00', '2026-03-05 07:58:46.891+00', '2026-03-08 14:04:47.443+00', NULL, NULL, NULL, NULL, '2026-03-08 14:04:47.442+00', false, '{}', NULL, NULL);
INSERT INTO public.messages (id, conversation_id, sender_id, content, is_read, read_at, created_at, updated_at, attachment_url, attachment_name, attachment_type, attachment_size, delivered_at, is_deleted_for_everyone, deleted_for_user_ids, deleted_at, deleted_by) VALUES ('0eb32277-e568-48eb-ab7c-33958fbaf1a9', '619d9461-1156-485c-a269-5abcb83a7f96', '0730e78d-cffb-4533-a364-1b56dc4fff5b', 'bonjour', true, '2026-03-05 10:41:18.205+00', '2026-03-05 10:40:40.367+00', '2026-03-08 14:04:47.443+00', NULL, NULL, NULL, NULL, '2026-03-08 14:04:47.442+00', false, '{}', NULL, NULL);
INSERT INTO public.messages (id, conversation_id, sender_id, content, is_read, read_at, created_at, updated_at, attachment_url, attachment_name, attachment_type, attachment_size, delivered_at, is_deleted_for_everyone, deleted_for_user_ids, deleted_at, deleted_by) VALUES ('0d6d4242-f1e5-4948-81f2-cab7611092c9', '619d9461-1156-485c-a269-5abcb83a7f96', '22d33768-39a5-4c97-b4af-6774b1f4a1aa', 'bonjour', true, '2026-03-08 14:05:35.799+00', '2026-03-08 14:05:35.642+00', '2026-03-08 14:05:35.799+00', NULL, NULL, NULL, NULL, '2026-03-08 14:05:35.799+00', false, '{}', NULL, NULL);
INSERT INTO public.messages (id, conversation_id, sender_id, content, is_read, read_at, created_at, updated_at, attachment_url, attachment_name, attachment_type, attachment_size, delivered_at, is_deleted_for_everyone, deleted_for_user_ids, deleted_at, deleted_by) VALUES ('f3e5daf8-8a5f-48b3-8cfc-fe26de95be44', '619d9461-1156-485c-a269-5abcb83a7f96', '0730e78d-cffb-4533-a364-1b56dc4fff5b', NULL, true, '2026-03-08 14:04:47.51+00', '2026-03-08 13:41:50.944+00', '2026-03-08 14:16:53.195+00', '/uploads/messages/msg-1772977310921-815888509.png', 'fLNDSjj63BxpANRSG-tKLckxwNHuQHohcMadcNeSsprwrYGaeTuV1ejLtEdqNNfBz1nyiM8bCY9fKPVuOX70Bl1z-81z5LWJHskoy8YkqgIjCkY0_wv0UUA5xpZ2GfV-8xgvccaJeECfZ0v1_PCf-NkjYySv-UZAIsyygJyNoB3sN13vZnlZDsS_dP-T_xmvuAa4wjl_pJ96Dg.png', 'image/png', 53816, '2026-03-08 14:04:47.51+00', false, '{0730e78d-cffb-4533-a364-1b56dc4fff5b}', NULL, NULL);
INSERT INTO public.messages (id, conversation_id, sender_id, content, is_read, read_at, created_at, updated_at, attachment_url, attachment_name, attachment_type, attachment_size, delivered_at, is_deleted_for_everyone, deleted_for_user_ids, deleted_at, deleted_by) VALUES ('c3d69916-893a-4385-aafd-088e42e693cc', '619d9461-1156-485c-a269-5abcb83a7f96', '22d33768-39a5-4c97-b4af-6774b1f4a1aa', NULL, true, '2026-03-08 14:10:02.939+00', '2026-03-08 14:10:02.76+00', '2026-03-08 14:17:06.197+00', NULL, NULL, NULL, NULL, '2026-03-08 14:10:02.939+00', true, '{}', '2026-03-08 14:17:06.197+00', '22d33768-39a5-4c97-b4af-6774b1f4a1aa');
INSERT INTO public.messages (id, conversation_id, sender_id, content, is_read, read_at, created_at, updated_at, attachment_url, attachment_name, attachment_type, attachment_size, delivered_at, is_deleted_for_everyone, deleted_for_user_ids, deleted_at, deleted_by) VALUES ('f29511cc-038c-4c70-847c-905e68a23790', '619d9461-1156-485c-a269-5abcb83a7f96', '0730e78d-cffb-4533-a364-1b56dc4fff5b', 'bonujou', true, '2026-03-06 12:12:39.976+00', '2026-03-06 12:05:55.846+00', '2026-03-08 14:20:54.343+00', NULL, NULL, NULL, NULL, '2026-03-08 14:04:47.442+00', false, '{0730e78d-cffb-4533-a364-1b56dc4fff5b}', NULL, NULL);
INSERT INTO public.messages (id, conversation_id, sender_id, content, is_read, read_at, created_at, updated_at, attachment_url, attachment_name, attachment_type, attachment_size, delivered_at, is_deleted_for_everyone, deleted_for_user_ids, deleted_at, deleted_by) VALUES ('95cbf1a6-a244-4ad6-92f7-1efb3bc3b515', '619d9461-1156-485c-a269-5abcb83a7f96', '0730e78d-cffb-4533-a364-1b56dc4fff5b', 'Bonjour, je suis interesse par bughati chiron.', true, '2026-03-08 14:24:44.154+00', '2026-03-08 14:24:44.056+00', '2026-03-08 14:24:44.155+00', NULL, NULL, NULL, NULL, '2026-03-08 14:24:44.154+00', false, '{}', NULL, NULL);
INSERT INTO public.messages (id, conversation_id, sender_id, content, is_read, read_at, created_at, updated_at, attachment_url, attachment_name, attachment_type, attachment_size, delivered_at, is_deleted_for_everyone, deleted_for_user_ids, deleted_at, deleted_by) VALUES ('02a1e76d-3ecf-4073-9f4c-417e33d4b93e', '619d9461-1156-485c-a269-5abcb83a7f96', '0730e78d-cffb-4533-a364-1b56dc4fff5b', NULL, true, '2026-03-08 14:24:57.382+00', '2026-03-08 14:24:57.283+00', '2026-03-08 14:24:57.383+00', '/uploads/messages/msg-1772979897218-470166126.webm', 'voice-1772979892267.webm', 'audio/webm', 235034, '2026-03-08 14:24:57.382+00', false, '{}', NULL, NULL);
INSERT INTO public.messages (id, conversation_id, sender_id, content, is_read, read_at, created_at, updated_at, attachment_url, attachment_name, attachment_type, attachment_size, delivered_at, is_deleted_for_everyone, deleted_for_user_ids, deleted_at, deleted_by) VALUES ('42c708ee-b0b5-4418-9f13-33d88a3d41ef', '619d9461-1156-485c-a269-5abcb83a7f96', '22d33768-39a5-4c97-b4af-6774b1f4a1aa', NULL, true, '2026-03-08 14:28:07.917+00', '2026-03-08 14:28:07.888+00', '2026-03-08 14:28:42.13+00', '/uploads/messages/msg-1772980087884-134695741.webm', 'voice-1772980085694.webm', 'audio/webm', 182870, '2026-03-08 14:28:07.917+00', false, '{22d33768-39a5-4c97-b4af-6774b1f4a1aa}', NULL, NULL);
INSERT INTO public.messages (id, conversation_id, sender_id, content, is_read, read_at, created_at, updated_at, attachment_url, attachment_name, attachment_type, attachment_size, delivered_at, is_deleted_for_everyone, deleted_for_user_ids, deleted_at, deleted_by) VALUES ('ef2a6d86-4fd7-49ba-ab26-c0bcf62ed42f', '619d9461-1156-485c-a269-5abcb83a7f96', '22d33768-39a5-4c97-b4af-6774b1f4a1aa', NULL, true, '2026-03-08 16:26:32.375+00', '2026-03-08 16:26:32.341+00', '2026-03-08 16:26:32.376+00', '/uploads/messages/msg-1772987192334-489949911.webm', 'voice-1772987190349.webm', 'audio/webm', 95930, '2026-03-08 16:26:32.375+00', false, '{}', NULL, NULL);
INSERT INTO public.messages (id, conversation_id, sender_id, content, is_read, read_at, created_at, updated_at, attachment_url, attachment_name, attachment_type, attachment_size, delivered_at, is_deleted_for_everyone, deleted_for_user_ids, deleted_at, deleted_by) VALUES ('32f5aea6-2441-4888-8fa1-0c4e2387bcb4', '619d9461-1156-485c-a269-5abcb83a7f96', '0730e78d-cffb-4533-a364-1b56dc4fff5b', 'bonjour', true, '2026-03-08 18:29:20.843+00', '2026-03-08 18:24:39.106+00', '2026-03-08 18:29:20.844+00', NULL, NULL, NULL, NULL, '2026-03-08 18:29:20.843+00', false, '{}', NULL, NULL);
INSERT INTO public.messages (id, conversation_id, sender_id, content, is_read, read_at, created_at, updated_at, attachment_url, attachment_name, attachment_type, attachment_size, delivered_at, is_deleted_for_everyone, deleted_for_user_ids, deleted_at, deleted_by) VALUES ('f2507e3b-2881-42a5-abf5-b7e80e54c3b0', '619d9461-1156-485c-a269-5abcb83a7f96', '22d33768-39a5-4c97-b4af-6774b1f4a1aa', 'bonjour', true, '2026-03-08 19:31:14.683+00', '2026-03-08 18:30:08.103+00', '2026-03-08 19:31:14.683+00', NULL, NULL, NULL, NULL, '2026-03-08 19:31:14.683+00', false, '{}', NULL, NULL);
INSERT INTO public.messages (id, conversation_id, sender_id, content, is_read, read_at, created_at, updated_at, attachment_url, attachment_name, attachment_type, attachment_size, delivered_at, is_deleted_for_everyone, deleted_for_user_ids, deleted_at, deleted_by) VALUES ('1402cc99-e692-4d8b-ba62-360ec0365df1', '619d9461-1156-485c-a269-5abcb83a7f96', '22d33768-39a5-4c97-b4af-6774b1f4a1aa', 'ca va', true, '2026-03-08 19:31:14.683+00', '2026-03-08 18:30:18.141+00', '2026-03-08 19:31:14.683+00', NULL, NULL, NULL, NULL, '2026-03-08 19:31:14.683+00', false, '{}', NULL, NULL);
INSERT INTO public.messages (id, conversation_id, sender_id, content, is_read, read_at, created_at, updated_at, attachment_url, attachment_name, attachment_type, attachment_size, delivered_at, is_deleted_for_everyone, deleted_for_user_ids, deleted_at, deleted_by) VALUES ('4531bcf8-b805-4bb0-b337-f46ab8a135ca', '619d9461-1156-485c-a269-5abcb83a7f96', '22d33768-39a5-4c97-b4af-6774b1f4a1aa', 'ca va', true, '2026-03-08 19:31:14.683+00', '2026-03-08 18:30:26.887+00', '2026-03-08 19:31:14.683+00', NULL, NULL, NULL, NULL, '2026-03-08 19:31:14.683+00', false, '{}', NULL, NULL);
INSERT INTO public.messages (id, conversation_id, sender_id, content, is_read, read_at, created_at, updated_at, attachment_url, attachment_name, attachment_type, attachment_size, delivered_at, is_deleted_for_everyone, deleted_for_user_ids, deleted_at, deleted_by) VALUES ('7970855d-29f3-4e90-a57b-077348643786', '619d9461-1156-485c-a269-5abcb83a7f96', '0730e78d-cffb-4533-a364-1b56dc4fff5b', 'bonjour', true, '2026-03-08 19:31:45.486+00', '2026-03-08 19:31:45.457+00', '2026-03-08 19:31:45.486+00', NULL, NULL, NULL, NULL, '2026-03-08 19:31:45.486+00', false, '{}', NULL, NULL);
INSERT INTO public.messages (id, conversation_id, sender_id, content, is_read, read_at, created_at, updated_at, attachment_url, attachment_name, attachment_type, attachment_size, delivered_at, is_deleted_for_everyone, deleted_for_user_ids, deleted_at, deleted_by) VALUES ('fa7509ba-2344-4f57-8e6b-cfcb6e518c82', '619d9461-1156-485c-a269-5abcb83a7f96', '22d33768-39a5-4c97-b4af-6774b1f4a1aa', 'bonjour', true, '2026-03-08 19:32:04.764+00', '2026-03-08 19:32:04.661+00', '2026-03-08 19:32:04.764+00', NULL, NULL, NULL, NULL, '2026-03-08 19:32:04.764+00', false, '{}', NULL, NULL);
INSERT INTO public.messages (id, conversation_id, sender_id, content, is_read, read_at, created_at, updated_at, attachment_url, attachment_name, attachment_type, attachment_size, delivered_at, is_deleted_for_everyone, deleted_for_user_ids, deleted_at, deleted_by) VALUES ('c586ba66-924b-4e5b-86f2-c9ff0cfdde61', '619d9461-1156-485c-a269-5abcb83a7f96', '0730e78d-cffb-4533-a364-1b56dc4fff5b', 'ca va', true, '2026-03-08 19:33:04.359+00', '2026-03-08 19:32:26.777+00', '2026-03-08 19:33:04.359+00', NULL, NULL, NULL, NULL, '2026-03-08 19:33:04.359+00', false, '{}', NULL, NULL);
INSERT INTO public.messages (id, conversation_id, sender_id, content, is_read, read_at, created_at, updated_at, attachment_url, attachment_name, attachment_type, attachment_size, delivered_at, is_deleted_for_everyone, deleted_for_user_ids, deleted_at, deleted_by) VALUES ('a9aa41b1-af9c-4b92-83ce-141ec7394a60', '619d9461-1156-485c-a269-5abcb83a7f96', '22d33768-39a5-4c97-b4af-6774b1f4a1aa', NULL, true, '2026-03-08 19:33:43.07+00', '2026-03-08 19:33:42.964+00', '2026-03-08 19:33:43.07+00', '/uploads/messages/msg-1772998422938-171834579.webm', 'voice-1772998420586.webm', 'audio/webm', 125876, '2026-03-08 19:33:43.07+00', false, '{}', NULL, NULL);


--
-- Data for Name: message_reports; Type: TABLE DATA; Schema: public; Owner: -
--

INSERT INTO public.message_reports VALUES ('58b596ad-1618-4c40-97bf-bfde91774335', '0730e78d-cffb-4533-a364-1b56dc4fff5b', '22d33768-39a5-4c97-b4af-6774b1f4a1aa', '619d9461-1156-485c-a269-5abcb83a7f96', NULL, 'spam', 'spam', 'rejected', '13761d73-b674-4bf3-9586-5688ad5e36dc', '2026-03-08 16:15:48.211+00', NULL, '2026-03-08 16:14:42.519+00', '2026-03-08 16:15:48.212+00');


--
-- Data for Name: promo_code_usages; Type: TABLE DATA; Schema: public; Owner: -
--



--
-- Data for Name: reviews; Type: TABLE DATA; Schema: public; Owner: -
--

INSERT INTO public.reviews VALUES ('568dccbc-fd74-42ac-a2ff-3518541e9b9e', 5, 'très bien', true, 'ceca4ac4-96f2-4541-8c70-943ff6b956dd', 'f1a67385-3219-44f8-b390-7fdeb895cd9a', 'a26c2adc-7f9d-470f-be5a-768b6765dd43', '2026-01-16 08:30:27.298+00', '2026-01-16 10:09:27.637+00');
INSERT INTO public.reviews VALUES ('bc403d88-9995-4b1e-afd1-8e68ca288d7b', 4, 'très bon service et très bon véhicule je recommande', true, '0730e78d-cffb-4533-a364-1b56dc4fff5b', 'f1a67385-3219-44f8-b390-7fdeb895cd9a', '90c1ed5e-fd51-4c6b-845a-fe5a60ba2e2d', '2026-03-05 08:14:21.379+00', '2026-03-05 08:15:23.089+00');


--
-- Data for Name: user_blocks; Type: TABLE DATA; Schema: public; Owner: -
--



--
-- PostgreSQL database dump complete
--


